#DML da tabela "usuarios":
INSERT INTO `usuarios` (`id`, `nome`, `email`, `senha`) VALUES (1, 'Annamarie Yundt IV', 'kuhlman.isom@example.org', 'qgaihngwt');
INSERT INTO `usuarios` (`id`, `nome`, `email`, `senha`) VALUES (2, 'Keagan Okuneva', 'abby56@example.com', 'vkboamgvf');
INSERT INTO `usuarios` (`id`, `nome`, `email`, `senha`) VALUES (3, 'Neha Cassin', 'garfield48@example.net', 'nmugrmjhb');
INSERT INTO `usuarios` (`id`, `nome`, `email`, `senha`) VALUES (4, 'Elijah Fahey', 'jast.bernard@example.org', 'oykfjrtsv');
INSERT INTO `usuarios` (`id`, `nome`, `email`, `senha`) VALUES (5, 'Dr. Omari Mann', 'tyrique.windler@example.net', 'cwsmkizsw');
INSERT INTO `usuarios` (`id`, `nome`, `email`, `senha`) VALUES (6, 'Shana Lang I', 'haag.berta@example.net', 'zpmumchqb');
INSERT INTO `usuarios` (`id`, `nome`, `email`, `senha`) VALUES (7, 'Vena Harber MD', 'mallory.becker@example.net', 'cjkznwtlg');
INSERT INTO `usuarios` (`id`, `nome`, `email`, `senha`) VALUES (8, 'Jayce Quitzon', 'qgleichner@example.org', 'kbtylcuac');
INSERT INTO `usuarios` (`id`, `nome`, `email`, `senha`) VALUES (9, 'Prof. Troy Baumbach IV', 'hamill.nayeli@example.com', 'utolanlgj');
INSERT INTO `usuarios` (`id`, `nome`, `email`, `senha`) VALUES (10, 'Mr. Anthony Olson', 'lily79@example.org', 'vfbmybeby');
INSERT INTO `usuarios` (`id`, `nome`, `email`, `senha`) VALUES (11, 'Jesus Langworth', 'arden.legros@example.org', 'ylsefnegf');
INSERT INTO `usuarios` (`id`, `nome`, `email`, `senha`) VALUES (12, 'Israel Wiegand', 'smith.emmie@example.org', 'vdfmfuurl');
INSERT INTO `usuarios` (`id`, `nome`, `email`, `senha`) VALUES (13, 'Jedidiah Luettgen', 'xbreitenberg@example.net', 'ilnkzaakc');
INSERT INTO `usuarios` (`id`, `nome`, `email`, `senha`) VALUES (14, 'Alessandro Batz', 'chloe.monahan@example.com', 'ahtwwzaac');
INSERT INTO `usuarios` (`id`, `nome`, `email`, `senha`) VALUES (15, 'Jaylen Mann', 'gerry73@example.com', 'peoobabow');
INSERT INTO `usuarios` (`id`, `nome`, `email`, `senha`) VALUES (16, 'Mrs. Nella Luettgen', 'ohoppe@example.com', 'xhbvqdamy');
INSERT INTO `usuarios` (`id`, `nome`, `email`, `senha`) VALUES (17, 'Eudora Grimes', 'nella59@example.org', 'wcluztybi');
INSERT INTO `usuarios` (`id`, `nome`, `email`, `senha`) VALUES (18, 'Miss Marietta Treutel I', 'herta16@example.com', 'bytbbvoni');
INSERT INTO `usuarios` (`id`, `nome`, `email`, `senha`) VALUES (19, 'Sanford Hoppe', 'etha51@example.com', 'trwidbulh');
INSERT INTO `usuarios` (`id`, `nome`, `email`, `senha`) VALUES (20, 'London Larson', 'eldred.hermiston@example.net', 'euzpfmlxt');
INSERT INTO `usuarios` (`id`, `nome`, `email`, `senha`) VALUES (21, 'Palma Hegmann', 'kianna.okuneva@example.com', 'umbekdwxv');
INSERT INTO `usuarios` (`id`, `nome`, `email`, `senha`) VALUES (22, 'Fannie Wiegand', 'jasen85@example.org', 'axzahazze');
INSERT INTO `usuarios` (`id`, `nome`, `email`, `senha`) VALUES (23, 'Jake Maggio', 'hintz.brielle@example.net', 'owqehhyad');
INSERT INTO `usuarios` (`id`, `nome`, `email`, `senha`) VALUES (24, 'Mohammed Goldner', 'bpurdy@example.net', 'gxcjunqdg');
INSERT INTO `usuarios` (`id`, `nome`, `email`, `senha`) VALUES (25, 'Ali Schultz MD', 'timmothy04@example.org', 'lonhbobwa');
INSERT INTO `usuarios` (`id`, `nome`, `email`, `senha`) VALUES (26, 'Trace Hintz IV', 'borer.sallie@example.org', 'dximinnqu');
INSERT INTO `usuarios` (`id`, `nome`, `email`, `senha`) VALUES (27, 'Eliane Lehner II', 'dwight47@example.com', 'hdexsbxrx');
INSERT INTO `usuarios` (`id`, `nome`, `email`, `senha`) VALUES (28, 'Lucas Wolff', 'dgoyette@example.com', 'yglmdfqpg');
INSERT INTO `usuarios` (`id`, `nome`, `email`, `senha`) VALUES (29, 'Gerson Conn', 'tristin74@example.com', 'ncdcijahd');
INSERT INTO `usuarios` (`id`, `nome`, `email`, `senha`) VALUES (30, 'Dennis Kshlerin', 'preston28@example.net', 'hahvxumsb');
INSERT INTO `usuarios` (`id`, `nome`, `email`, `senha`) VALUES (31, 'Dr. Zachary Raynor IV', 'cleve.kuhlman@example.org', 'xmvvpvgnn');
INSERT INTO `usuarios` (`id`, `nome`, `email`, `senha`) VALUES (32, 'Jeff Kuphal', 'odurgan@example.com', 'gpevqyvpw');
INSERT INTO `usuarios` (`id`, `nome`, `email`, `senha`) VALUES (33, 'Maryjane Hahn', 'littel.ralph@example.net', 'jhzlvwzle');
INSERT INTO `usuarios` (`id`, `nome`, `email`, `senha`) VALUES (34, 'Spencer Farrell', 'wullrich@example.net', 'owyqvfzyu');
INSERT INTO `usuarios` (`id`, `nome`, `email`, `senha`) VALUES (35, 'Orie Gutkowski', 'noble02@example.org', 'mstvtuxkn');
INSERT INTO `usuarios` (`id`, `nome`, `email`, `senha`) VALUES (36, 'Flavio Powlowski', 'jennie.paucek@example.net', 'uvqxrcjwy');
INSERT INTO `usuarios` (`id`, `nome`, `email`, `senha`) VALUES (37, 'Emely Windler', 'ibechtelar@example.net', 'orshtykjr');
INSERT INTO `usuarios` (`id`, `nome`, `email`, `senha`) VALUES (38, 'Carey Kirlin Sr.', 'clare.mills@example.org', 'wdcjbwnyb');
INSERT INTO `usuarios` (`id`, `nome`, `email`, `senha`) VALUES (39, 'Vada Mertz', 'natalia.skiles@example.com', 'dlftazold');
INSERT INTO `usuarios` (`id`, `nome`, `email`, `senha`) VALUES (40, 'Prof. Priscilla Emmerich', 'qbatz@example.com', 'nrogetkgj');
INSERT INTO `usuarios` (`id`, `nome`, `email`, `senha`) VALUES (41, 'Nicolette Lynch', 'srath@example.com', 'daksakvko');
INSERT INTO `usuarios` (`id`, `nome`, `email`, `senha`) VALUES (42, 'Miss Alfreda Purdy', 'fadel.ted@example.com', 'zpsypncnd');
INSERT INTO `usuarios` (`id`, `nome`, `email`, `senha`) VALUES (43, 'Elda Fadel II', 'freeda.conroy@example.org', 'vzudnjelq');
INSERT INTO `usuarios` (`id`, `nome`, `email`, `senha`) VALUES (44, 'Ariel Bechtelar', 'powlowski.abbey@example.com', 'umisnzjex');
INSERT INTO `usuarios` (`id`, `nome`, `email`, `senha`) VALUES (45, 'Dr. Brown Ferry', 'ebony67@example.org', 'mybbbiadd');
INSERT INTO `usuarios` (`id`, `nome`, `email`, `senha`) VALUES (46, 'Mohammed Legros PhD', 'wbauch@example.com', 'yoxvrqlvl');
INSERT INTO `usuarios` (`id`, `nome`, `email`, `senha`) VALUES (47, 'Maci Dach', 'bstracke@example.com', 'kbqkuekzw');
INSERT INTO `usuarios` (`id`, `nome`, `email`, `senha`) VALUES (48, 'Mr. Dewitt Lindgren', 'fay.ashton@example.net', 'dureezmeg');
INSERT INTO `usuarios` (`id`, `nome`, `email`, `senha`) VALUES (49, 'Ms. Irma Haag', 'rodrick67@example.org', 'akubxbndg');
INSERT INTO `usuarios` (`id`, `nome`, `email`, `senha`) VALUES (50, 'Delmer Schinner Sr.', 'theodore88@example.net', 'ovndlratl');
INSERT INTO `usuarios` (`id`, `nome`, `email`, `senha`) VALUES (51, 'Prof. Elbert Walter Jr.', 'gaylord.wilber@example.com', 'rtwkmumya');
INSERT INTO `usuarios` (`id`, `nome`, `email`, `senha`) VALUES (52, 'Kellie Stamm II', 'rgulgowski@example.org', 'kjevivmjv');
INSERT INTO `usuarios` (`id`, `nome`, `email`, `senha`) VALUES (53, 'Dr. Bud Murazik IV', 'lloyd.jones@example.net', 'pywrcbono');
INSERT INTO `usuarios` (`id`, `nome`, `email`, `senha`) VALUES (54, 'Prof. Mateo Erdman', 'marks.lorna@example.net', 'vezwvzkjx');
INSERT INTO `usuarios` (`id`, `nome`, `email`, `senha`) VALUES (55, 'Mia Cormier Jr.', 'pinkie.rodriguez@example.com', 'tvyogvwds');
INSERT INTO `usuarios` (`id`, `nome`, `email`, `senha`) VALUES (56, 'Prof. Laisha Bogisich', 'damaris04@example.net', 'cyxsuksnr');
INSERT INTO `usuarios` (`id`, `nome`, `email`, `senha`) VALUES (57, 'Christine Pagac', 'mervin21@example.org', 'globiqwsy');
INSERT INTO `usuarios` (`id`, `nome`, `email`, `senha`) VALUES (58, 'Rolando Graham', 'mabelle.hayes@example.com', 'hhslfsrpz');
INSERT INTO `usuarios` (`id`, `nome`, `email`, `senha`) VALUES (59, 'Prof. Henry Kautzer', 'hhalvorson@example.org', 'wzjouvdon');
INSERT INTO `usuarios` (`id`, `nome`, `email`, `senha`) VALUES (60, 'Richard Runolfsdottir DVM', 'beryl34@example.net', 'bkmveqfye');
INSERT INTO `usuarios` (`id`, `nome`, `email`, `senha`) VALUES (61, 'Kay Bernhard', 'tcummerata@example.com', 'dfevbbrrt');
INSERT INTO `usuarios` (`id`, `nome`, `email`, `senha`) VALUES (62, 'Geraldine Metz', 'rdickinson@example.com', 'zudzldayc');
INSERT INTO `usuarios` (`id`, `nome`, `email`, `senha`) VALUES (63, 'Giovani Block', 'jermaine63@example.com', 'eruckupcq');
INSERT INTO `usuarios` (`id`, `nome`, `email`, `senha`) VALUES (64, 'Clemens Reinger', 'elvis.farrell@example.net', 'aqjnmlqsf');
INSERT INTO `usuarios` (`id`, `nome`, `email`, `senha`) VALUES (65, 'Miss Leonor Barrows III', 'stephan09@example.org', 'kazcyqkns');
INSERT INTO `usuarios` (`id`, `nome`, `email`, `senha`) VALUES (66, 'Napoleon Lubowitz', 'collins.pearl@example.org', 'ceriniopi');
INSERT INTO `usuarios` (`id`, `nome`, `email`, `senha`) VALUES (67, 'Fabiola Thiel', 'nicholas.cassin@example.net', 'ixjrgrekq');
INSERT INTO `usuarios` (`id`, `nome`, `email`, `senha`) VALUES (68, 'Hayden Moen', 'wmurray@example.org', 'fdfkpxjze');
INSERT INTO `usuarios` (`id`, `nome`, `email`, `senha`) VALUES (69, 'Allie Waelchi', 'wtorphy@example.net', 'hmapcwlau');
INSERT INTO `usuarios` (`id`, `nome`, `email`, `senha`) VALUES (70, 'Destany Stokes', 'bud10@example.org', 'vvzrouihc');
INSERT INTO `usuarios` (`id`, `nome`, `email`, `senha`) VALUES (71, 'Prof. Aglae Tremblay I', 'zhermann@example.com', 'gddwedlfc');
INSERT INTO `usuarios` (`id`, `nome`, `email`, `senha`) VALUES (72, 'Frankie Glover', 'cecile79@example.net', 'ddtdtcvar');
INSERT INTO `usuarios` (`id`, `nome`, `email`, `senha`) VALUES (73, 'Quentin Rodriguez', 'arnulfo.franecki@example.com', 'mjsysyxxf');
INSERT INTO `usuarios` (`id`, `nome`, `email`, `senha`) VALUES (74, 'Alicia Champlin', 'gina58@example.com', 'vqenqkumx');
INSERT INTO `usuarios` (`id`, `nome`, `email`, `senha`) VALUES (75, 'Dr. Jarrod Altenwerth', 'fisher.idella@example.net', 'svfmowofj');
INSERT INTO `usuarios` (`id`, `nome`, `email`, `senha`) VALUES (76, 'Ernie Hermann', 'reichert.gerald@example.net', 'lgrjwkyqe');
INSERT INTO `usuarios` (`id`, `nome`, `email`, `senha`) VALUES (77, 'Maximo Stiedemann', 'hmcclure@example.org', 'bnppdehck');
INSERT INTO `usuarios` (`id`, `nome`, `email`, `senha`) VALUES (78, 'Rae Roberts Jr.', 'lauryn.wisoky@example.net', 'udigvcluq');
INSERT INTO `usuarios` (`id`, `nome`, `email`, `senha`) VALUES (79, 'Mr. Esteban Lesch MD', 'milton36@example.net', 'bhgyfwrlj');
INSERT INTO `usuarios` (`id`, `nome`, `email`, `senha`) VALUES (80, 'Prof. Ambrose Conn', 'miller.alverta@example.net', 'zirizacbg');
INSERT INTO `usuarios` (`id`, `nome`, `email`, `senha`) VALUES (81, 'Francis Schumm V', 'emilio00@example.com', 'mlhjzmzvy');
INSERT INTO `usuarios` (`id`, `nome`, `email`, `senha`) VALUES (82, 'Prof. Collin Crist', 'so\'conner@example.net', 'hdpwarolr');
INSERT INTO `usuarios` (`id`, `nome`, `email`, `senha`) VALUES (83, 'Karelle Schulist', 'maybell00@example.org', 'hwsidpjff');
INSERT INTO `usuarios` (`id`, `nome`, `email`, `senha`) VALUES (84, 'Zackary Cremin', 'roy.leffler@example.org', 'bdkgfdncf');
INSERT INTO `usuarios` (`id`, `nome`, `email`, `senha`) VALUES (85, 'Ms. Zula Stiedemann', 'araceli38@example.net', 'gvchtiffy');
INSERT INTO `usuarios` (`id`, `nome`, `email`, `senha`) VALUES (86, 'Mrs. Kailyn O\'Hara', 'terry.shanon@example.com', 'mogdvsytr');
INSERT INTO `usuarios` (`id`, `nome`, `email`, `senha`) VALUES (87, 'Ignacio Fritsch', 'ierdman@example.net', 'cikorvdnf');
INSERT INTO `usuarios` (`id`, `nome`, `email`, `senha`) VALUES (88, 'Miss Pearline Wilderman PhD', 'orn.raleigh@example.org', 'glqsnpyoj');
INSERT INTO `usuarios` (`id`, `nome`, `email`, `senha`) VALUES (89, 'Camilla Torp', 'muller.winnifred@example.org', 'vhgwjkifr');
INSERT INTO `usuarios` (`id`, `nome`, `email`, `senha`) VALUES (90, 'Elyse Hane DVM', 'tony.bode@example.net', 'cawpqedxk');
INSERT INTO `usuarios` (`id`, `nome`, `email`, `senha`) VALUES (91, 'Alanis Connelly', 'gleason.montana@example.org', 'fnvwghdug');
INSERT INTO `usuarios` (`id`, `nome`, `email`, `senha`) VALUES (92, 'Prof. Sigurd Corwin', 'derick.harris@example.com', 'pcsyaiqxn');
INSERT INTO `usuarios` (`id`, `nome`, `email`, `senha`) VALUES (93, 'Tabitha Bogan DDS', 'prunolfsdottir@example.com', 'yimtnlgrr');
INSERT INTO `usuarios` (`id`, `nome`, `email`, `senha`) VALUES (94, 'Dane Jaskolski', 'clementina10@example.net', 'okfguaaok');
INSERT INTO `usuarios` (`id`, `nome`, `email`, `senha`) VALUES (95, 'Merle Ratke Jr.', 'emmanuelle37@example.org', 'wnotxcxer');
INSERT INTO `usuarios` (`id`, `nome`, `email`, `senha`) VALUES (96, 'Tabitha Sawayn', 'nayeli88@example.org', 'ycenlkrgk');
INSERT INTO `usuarios` (`id`, `nome`, `email`, `senha`) VALUES (97, 'Ethyl Rosenbaum', 'ilehner@example.org', 'fvsbrtrvh');
INSERT INTO `usuarios` (`id`, `nome`, `email`, `senha`) VALUES (98, 'Santina Cremin', 'dbernhard@example.com', 'ayyqcjfjm');
INSERT INTO `usuarios` (`id`, `nome`, `email`, `senha`) VALUES (99, 'Charity Hane', 'cara.kuhlman@example.org', 'knowypimp');
INSERT INTO `usuarios` (`id`, `nome`, `email`, `senha`) VALUES (100, 'Myrna Luettgen', 'candace.gerlach@example.org', 'fqrpaunja');

#DML da tabela "projetos":
INSERT INTO `projetos` (`id`, `titulo`, `data_inicio`, `url`) VALUES (1, 'culpa', '1983-11-16', 'http://stantonstokes.com/');
INSERT INTO `projetos` (`id`, `titulo`, `data_inicio`, `url`) VALUES (2, 'dolor', '1976-04-04', 'http://mertz.com/');
INSERT INTO `projetos` (`id`, `titulo`, `data_inicio`, `url`) VALUES (3, 'et', '1979-01-29', 'http://www.brown.org/');
INSERT INTO `projetos` (`id`, `titulo`, `data_inicio`, `url`) VALUES (4, 'recusandae', '2002-01-03', 'http://veumturcotte.biz/');
INSERT INTO `projetos` (`id`, `titulo`, `data_inicio`, `url`) VALUES (5, 'ut', '2005-08-31', 'http://mcdermottstracke.com/');
INSERT INTO `projetos` (`id`, `titulo`, `data_inicio`, `url`) VALUES (6, 'dolore', '2010-08-01', 'http://www.koss.com/');
INSERT INTO `projetos` (`id`, `titulo`, `data_inicio`, `url`) VALUES (7, 'vero', '1992-09-06', 'http://barton.org/');
INSERT INTO `projetos` (`id`, `titulo`, `data_inicio`, `url`) VALUES (8, 'magnam', '1995-03-19', 'http://www.white.com/');
INSERT INTO `projetos` (`id`, `titulo`, `data_inicio`, `url`) VALUES (9, 'laborum', '2013-11-28', 'http://bartellgusikowski.biz/');
INSERT INTO `projetos` (`id`, `titulo`, `data_inicio`, `url`) VALUES (10, 'tenetur', '1987-08-04', 'http://wehner.org/');
INSERT INTO `projetos` (`id`, `titulo`, `data_inicio`, `url`) VALUES (11, 'ad', '1978-08-05', 'http://hauck.net/');
INSERT INTO `projetos` (`id`, `titulo`, `data_inicio`, `url`) VALUES (12, 'quaerat', '2011-08-18', 'http://powlowski.info/');
INSERT INTO `projetos` (`id`, `titulo`, `data_inicio`, `url`) VALUES (13, 'sunt', '1983-05-18', 'http://jakubowski.com/');
INSERT INTO `projetos` (`id`, `titulo`, `data_inicio`, `url`) VALUES (14, 'placeat', '1985-02-07', 'http://www.schimmel.com/');
INSERT INTO `projetos` (`id`, `titulo`, `data_inicio`, `url`) VALUES (15, 'ullam', '1976-12-24', 'http://doyle.org/');
INSERT INTO `projetos` (`id`, `titulo`, `data_inicio`, `url`) VALUES (16, 'enim', '1984-11-09', 'http://kozeyhuel.biz/');
INSERT INTO `projetos` (`id`, `titulo`, `data_inicio`, `url`) VALUES (17, 'sint', '1993-11-05', 'http://zulauf.com/');
INSERT INTO `projetos` (`id`, `titulo`, `data_inicio`, `url`) VALUES (18, 'sed', '1998-10-18', 'http://www.boyer.com/');
INSERT INTO `projetos` (`id`, `titulo`, `data_inicio`, `url`) VALUES (19, 'esse', '1974-05-13', 'http://oberbrunner.info/');
INSERT INTO `projetos` (`id`, `titulo`, `data_inicio`, `url`) VALUES (20, 'voluptatibus', '1974-08-24', 'http://www.reillybraun.biz/');
INSERT INTO `projetos` (`id`, `titulo`, `data_inicio`, `url`) VALUES (21, 'aliquid', '1998-12-24', 'http://kautzerkozey.org/');
INSERT INTO `projetos` (`id`, `titulo`, `data_inicio`, `url`) VALUES (22, 'quidem', '1980-12-18', 'http://www.roberts.com/');
INSERT INTO `projetos` (`id`, `titulo`, `data_inicio`, `url`) VALUES (23, 'quia', '2009-11-03', 'http://zieme.org/');
INSERT INTO `projetos` (`id`, `titulo`, `data_inicio`, `url`) VALUES (24, 'aperiam', '1999-09-10', 'http://www.wildermancollins.info/');
INSERT INTO `projetos` (`id`, `titulo`, `data_inicio`, `url`) VALUES (25, 'cumque', '2012-02-10', 'http://boyle.info/');
INSERT INTO `projetos` (`id`, `titulo`, `data_inicio`, `url`) VALUES (26, 'voluptatum', '1986-11-09', 'http://www.torphy.org/');
INSERT INTO `projetos` (`id`, `titulo`, `data_inicio`, `url`) VALUES (27, 'voluptate', '1975-03-14', 'http://gerlachwillms.net/');
INSERT INTO `projetos` (`id`, `titulo`, `data_inicio`, `url`) VALUES (28, 'porro', '2001-05-17', 'http://hammes.com/');
INSERT INTO `projetos` (`id`, `titulo`, `data_inicio`, `url`) VALUES (29, 'non', '1998-09-30', 'http://www.krajcik.com/');
INSERT INTO `projetos` (`id`, `titulo`, `data_inicio`, `url`) VALUES (30, 'quae', '2021-06-11', 'http://www.halvorsonschmidt.com/');
INSERT INTO `projetos` (`id`, `titulo`, `data_inicio`, `url`) VALUES (31, 'reprehenderit', '1993-08-23', 'http://www.kohler.com/');
INSERT INTO `projetos` (`id`, `titulo`, `data_inicio`, `url`) VALUES (32, 'ipsum', '1979-12-23', 'http://larkinhartmann.net/');
INSERT INTO `projetos` (`id`, `titulo`, `data_inicio`, `url`) VALUES (33, 'ab', '2020-07-31', 'http://www.oreillygutmann.net/');
INSERT INTO `projetos` (`id`, `titulo`, `data_inicio`, `url`) VALUES (34, 'minus', '2021-05-22', 'http://beatty.com/');
INSERT INTO `projetos` (`id`, `titulo`, `data_inicio`, `url`) VALUES (35, 'eum', '1979-03-04', 'http://www.mckenzie.biz/');
INSERT INTO `projetos` (`id`, `titulo`, `data_inicio`, `url`) VALUES (36, 'quo', '2010-12-22', 'http://www.schuster.net/');
INSERT INTO `projetos` (`id`, `titulo`, `data_inicio`, `url`) VALUES (37, 'soluta', '2013-07-30', 'http://www.fritsch.org/');
INSERT INTO `projetos` (`id`, `titulo`, `data_inicio`, `url`) VALUES (38, 'temporibus', '1978-04-27', 'http://www.pfefferbernier.biz/');
INSERT INTO `projetos` (`id`, `titulo`, `data_inicio`, `url`) VALUES (39, 'explicabo', '1987-02-27', 'http://barrowstorp.info/');
INSERT INTO `projetos` (`id`, `titulo`, `data_inicio`, `url`) VALUES (40, 'provident', '1989-05-04', 'http://www.mayert.com/');
INSERT INTO `projetos` (`id`, `titulo`, `data_inicio`, `url`) VALUES (41, 'iste', '2009-09-26', 'http://koeppschmitt.com/');
INSERT INTO `projetos` (`id`, `titulo`, `data_inicio`, `url`) VALUES (42, 'dolorum', '2021-10-21', 'http://doyle.com/');
INSERT INTO `projetos` (`id`, `titulo`, `data_inicio`, `url`) VALUES (43, 'facere', '1986-08-24', 'http://www.schinnerkuhic.com/');
INSERT INTO `projetos` (`id`, `titulo`, `data_inicio`, `url`) VALUES (44, 'aspernatur', '2016-07-14', 'http://www.conn.com/');
INSERT INTO `projetos` (`id`, `titulo`, `data_inicio`, `url`) VALUES (45, 'est', '2019-12-30', 'http://www.fritschaltenwerth.com/');
INSERT INTO `projetos` (`id`, `titulo`, `data_inicio`, `url`) VALUES (46, 'autem', '1992-02-10', 'http://www.haleyondricka.com/');
INSERT INTO `projetos` (`id`, `titulo`, `data_inicio`, `url`) VALUES (47, 'qui', '2017-06-24', 'http://www.eichmannmraz.com/');
INSERT INTO `projetos` (`id`, `titulo`, `data_inicio`, `url`) VALUES (48, 'corrupti', '2009-09-28', 'http://www.lindgren.com/');
INSERT INTO `projetos` (`id`, `titulo`, `data_inicio`, `url`) VALUES (49, 'voluptatem', '1994-06-03', 'http://krajcikfeest.net/');
INSERT INTO `projetos` (`id`, `titulo`, `data_inicio`, `url`) VALUES (50, 'rem', '1972-10-29', 'http://skileswintheiser.biz/');
INSERT INTO `projetos` (`id`, `titulo`, `data_inicio`, `url`) VALUES (51, 'sit', '1984-12-09', 'http://www.pollich.org/');
INSERT INTO `projetos` (`id`, `titulo`, `data_inicio`, `url`) VALUES (52, 'a', '2000-12-25', 'http://www.gusikowskikshlerin.org/');
INSERT INTO `projetos` (`id`, `titulo`, `data_inicio`, `url`) VALUES (53, 'incidunt', '2016-08-19', 'http://padberg.com/');
INSERT INTO `projetos` (`id`, `titulo`, `data_inicio`, `url`) VALUES (54, 'perferendis', '1980-01-01', 'http://dietrichstark.net/');
INSERT INTO `projetos` (`id`, `titulo`, `data_inicio`, `url`) VALUES (55, 'debitis', '1975-05-27', 'http://becker.com/');
INSERT INTO `projetos` (`id`, `titulo`, `data_inicio`, `url`) VALUES (56, 'cum', '1980-02-15', 'http://beahan.com/');
INSERT INTO `projetos` (`id`, `titulo`, `data_inicio`, `url`) VALUES (57, 'in', '1984-05-24', 'http://www.buckridgemurphy.info/');
INSERT INTO `projetos` (`id`, `titulo`, `data_inicio`, `url`) VALUES (58, 'magni', '2022-03-07', 'http://kirlinwuckert.info/');
INSERT INTO `projetos` (`id`, `titulo`, `data_inicio`, `url`) VALUES (59, 'architecto', '2005-11-25', 'http://www.lang.com/');
INSERT INTO `projetos` (`id`, `titulo`, `data_inicio`, `url`) VALUES (60, 'nemo', '2006-11-30', 'http://www.bruen.com/');
INSERT INTO `projetos` (`id`, `titulo`, `data_inicio`, `url`) VALUES (61, 'laboriosam', '2005-10-29', 'http://www.kassulkegrady.biz/');
INSERT INTO `projetos` (`id`, `titulo`, `data_inicio`, `url`) VALUES (62, 'maxime', '2012-08-14', 'http://www.green.net/');
INSERT INTO `projetos` (`id`, `titulo`, `data_inicio`, `url`) VALUES (63, 'amet', '2017-09-10', 'http://leffler.biz/');
INSERT INTO `projetos` (`id`, `titulo`, `data_inicio`, `url`) VALUES (64, 'perspiciatis', '2013-07-02', 'http://www.nicolas.com/');
INSERT INTO `projetos` (`id`, `titulo`, `data_inicio`, `url`) VALUES (65, 'tempora', '1980-07-09', 'http://www.rempel.org/');
INSERT INTO `projetos` (`id`, `titulo`, `data_inicio`, `url`) VALUES (66, 'molestiae', '2016-08-08', 'http://www.morar.biz/');
INSERT INTO `projetos` (`id`, `titulo`, `data_inicio`, `url`) VALUES (67, 'pariatur', '1988-07-08', 'http://www.gusikowski.com/');
INSERT INTO `projetos` (`id`, `titulo`, `data_inicio`, `url`) VALUES (68, 'ipsa', '1972-12-24', 'http://www.schusterblick.net/');
INSERT INTO `projetos` (`id`, `titulo`, `data_inicio`, `url`) VALUES (69, 'neque', '1988-07-08', 'http://www.hammes.com/');
INSERT INTO `projetos` (`id`, `titulo`, `data_inicio`, `url`) VALUES (70, 'aut', '1992-09-10', 'http://www.schulist.org/');
INSERT INTO `projetos` (`id`, `titulo`, `data_inicio`, `url`) VALUES (71, 'natus', '1973-07-11', 'http://romaguera.com/');
INSERT INTO `projetos` (`id`, `titulo`, `data_inicio`, `url`) VALUES (72, 'consequatur', '2005-09-29', 'http://www.schroeder.com/');
INSERT INTO `projetos` (`id`, `titulo`, `data_inicio`, `url`) VALUES (73, 'facilis', '2008-05-02', 'http://howeupton.com/');
INSERT INTO `projetos` (`id`, `titulo`, `data_inicio`, `url`) VALUES (74, 'laudantium', '2021-08-02', 'http://heidenreichcollins.net/');
INSERT INTO `projetos` (`id`, `titulo`, `data_inicio`, `url`) VALUES (75, 'sapiente', '1991-11-21', 'http://www.kirlin.com/');
INSERT INTO `projetos` (`id`, `titulo`, `data_inicio`, `url`) VALUES (76, 'tempore', '1973-11-11', 'http://www.brekkejakubowski.com/');
INSERT INTO `projetos` (`id`, `titulo`, `data_inicio`, `url`) VALUES (77, 'atque', '2008-04-23', 'http://hayes.net/');
INSERT INTO `projetos` (`id`, `titulo`, `data_inicio`, `url`) VALUES (78, 'dicta', '1984-04-25', 'http://www.fadel.biz/');
INSERT INTO `projetos` (`id`, `titulo`, `data_inicio`, `url`) VALUES (79, 'omnis', '1980-09-24', 'http://www.walter.com/');
INSERT INTO `projetos` (`id`, `titulo`, `data_inicio`, `url`) VALUES (80, 'unde', '1998-11-15', 'http://schuppe.com/');
INSERT INTO `projetos` (`id`, `titulo`, `data_inicio`, `url`) VALUES (81, 'nihil', '2020-12-19', 'http://www.koch.com/');
INSERT INTO `projetos` (`id`, `titulo`, `data_inicio`, `url`) VALUES (82, 'eligendi', '1992-05-18', 'http://gibson.biz/');
INSERT INTO `projetos` (`id`, `titulo`, `data_inicio`, `url`) VALUES (83, 'doloremque', '2005-06-05', 'http://breitenbergkunde.com/');
INSERT INTO `projetos` (`id`, `titulo`, `data_inicio`, `url`) VALUES (84, 'doloribus', '1972-08-25', 'http://webermuller.com/');
INSERT INTO `projetos` (`id`, `titulo`, `data_inicio`, `url`) VALUES (85, 'fuga', '2012-05-31', 'http://www.maggiodubuque.com/');
INSERT INTO `projetos` (`id`, `titulo`, `data_inicio`, `url`) VALUES (86, 'maiores', '1985-05-18', 'http://www.barrows.biz/');
INSERT INTO `projetos` (`id`, `titulo`, `data_inicio`, `url`) VALUES (87, 'veniam', '2015-11-30', 'http://mosciskiweber.com/');
INSERT INTO `projetos` (`id`, `titulo`, `data_inicio`, `url`) VALUES (88, 'error', '1972-09-03', 'http://ratke.com/');
INSERT INTO `projetos` (`id`, `titulo`, `data_inicio`, `url`) VALUES (89, 'ducimus', '2009-07-05', 'http://www.moore.com/');
INSERT INTO `projetos` (`id`, `titulo`, `data_inicio`, `url`) VALUES (90, 'earum', '1995-02-19', 'http://streich.com/');
INSERT INTO `projetos` (`id`, `titulo`, `data_inicio`, `url`) VALUES (91, 'illum', '1982-05-23', 'http://www.blickernser.com/');
INSERT INTO `projetos` (`id`, `titulo`, `data_inicio`, `url`) VALUES (92, 'dignissimos', '1989-12-22', 'http://www.morissettebotsford.com/');
INSERT INTO `projetos` (`id`, `titulo`, `data_inicio`, `url`) VALUES (93, 'illo', '1975-05-20', 'http://www.rath.com/');
INSERT INTO `projetos` (`id`, `titulo`, `data_inicio`, `url`) VALUES (94, 'repellendus', '1993-09-18', 'http://www.bartell.com/');
INSERT INTO `projetos` (`id`, `titulo`, `data_inicio`, `url`) VALUES (95, 'molestias', '1972-07-22', 'http://wunsch.com/');
INSERT INTO `projetos` (`id`, `titulo`, `data_inicio`, `url`) VALUES (96, 'inventore', '1976-12-23', 'http://www.runolfsson.com/');
INSERT INTO `projetos` (`id`, `titulo`, `data_inicio`, `url`) VALUES (97, 'deleniti', '2012-03-24', 'http://www.brown.biz/');
INSERT INTO `projetos` (`id`, `titulo`, `data_inicio`, `url`) VALUES (98, 'eaque', '1974-07-02', 'http://harrislangosh.net/');
INSERT INTO `projetos` (`id`, `titulo`, `data_inicio`, `url`) VALUES (99, 'nisi', '2016-08-30', 'http://www.kunze.com/');
INSERT INTO `projetos` (`id`, `titulo`, `data_inicio`, `url`) VALUES (100, 'quasi', '1993-10-13', 'http://www.johnston.org/');

#DML da tabela "comentarios":
INSERT INTO `comentarios` (`id`, `comentario`, `data_postagem`, `id_usuario`, `id_projeto`) VALUES (1, 'Alice, as she.', '1987-08-02 20:46:51', 77, 26);
INSERT INTO `comentarios` (`id`, `comentario`, `data_postagem`, `id_usuario`, `id_projeto`) VALUES (2, 'So they began.', '1986-06-27 12:00:26', 45, 67);
INSERT INTO `comentarios` (`id`, `comentario`, `data_postagem`, `id_usuario`, `id_projeto`) VALUES (3, 'They are waiting.', '1970-02-10 19:51:57', 85, 74);
INSERT INTO `comentarios` (`id`, `comentario`, `data_postagem`, `id_usuario`, `id_projeto`) VALUES (4, 'Alice herself, and.', '2011-05-26 01:52:10', 41, 44);
INSERT INTO `comentarios` (`id`, `comentario`, `data_postagem`, `id_usuario`, `id_projeto`) VALUES (5, 'I to do anything.', '1973-08-20 19:48:44', 60, 91);
INSERT INTO `comentarios` (`id`, `comentario`, `data_postagem`, `id_usuario`, `id_projeto`) VALUES (6, 'I ever saw one.', '1983-12-25 12:12:16', 26, 76);
INSERT INTO `comentarios` (`id`, `comentario`, `data_postagem`, `id_usuario`, `id_projeto`) VALUES (7, 'I\'ll never go.', '1983-08-03 16:16:41', 75, 20);
INSERT INTO `comentarios` (`id`, `comentario`, `data_postagem`, `id_usuario`, `id_projeto`) VALUES (8, 'I must go back by.', '2002-09-20 11:54:08', 42, 47);
INSERT INTO `comentarios` (`id`, `comentario`, `data_postagem`, `id_usuario`, `id_projeto`) VALUES (9, 'He looked at it,.', '1982-01-30 18:28:49', 63, 36);
INSERT INTO `comentarios` (`id`, `comentario`, `data_postagem`, `id_usuario`, `id_projeto`) VALUES (10, 'When I used to.', '1974-12-01 01:30:12', 89, 68);
INSERT INTO `comentarios` (`id`, `comentario`, `data_postagem`, `id_usuario`, `id_projeto`) VALUES (11, 'Alice, \'as all the.', '1979-10-21 02:10:57', 7, 67);
INSERT INTO `comentarios` (`id`, `comentario`, `data_postagem`, `id_usuario`, `id_projeto`) VALUES (12, 'Alice desperately:.', '2004-09-07 08:28:15', 30, 5);
INSERT INTO `comentarios` (`id`, `comentario`, `data_postagem`, `id_usuario`, `id_projeto`) VALUES (13, 'Alice, in a sulky.', '2017-06-02 12:43:11', 34, 49);
INSERT INTO `comentarios` (`id`, `comentario`, `data_postagem`, `id_usuario`, `id_projeto`) VALUES (14, 'Queen furiously,.', '2000-12-22 11:03:34', 80, 26);
INSERT INTO `comentarios` (`id`, `comentario`, `data_postagem`, `id_usuario`, `id_projeto`) VALUES (15, 'Alice! when she.', '1993-08-29 15:03:00', 93, 61);
INSERT INTO `comentarios` (`id`, `comentario`, `data_postagem`, `id_usuario`, `id_projeto`) VALUES (16, 'Said the mouse to.', '1974-11-23 08:43:10', 11, 70);
INSERT INTO `comentarios` (`id`, `comentario`, `data_postagem`, `id_usuario`, `id_projeto`) VALUES (17, 'Alice. \'Well,.', '1986-08-18 10:08:28', 87, 55);
INSERT INTO `comentarios` (`id`, `comentario`, `data_postagem`, `id_usuario`, `id_projeto`) VALUES (18, 'White Rabbit, who.', '1977-03-06 08:36:27', 37, 71);
INSERT INTO `comentarios` (`id`, `comentario`, `data_postagem`, `id_usuario`, `id_projeto`) VALUES (19, 'Do cats eat bats?\'.', '2017-06-17 20:11:13', 29, 77);
INSERT INTO `comentarios` (`id`, `comentario`, `data_postagem`, `id_usuario`, `id_projeto`) VALUES (20, 'Alice quietly.', '2016-11-26 19:08:59', 14, 88);
INSERT INTO `comentarios` (`id`, `comentario`, `data_postagem`, `id_usuario`, `id_projeto`) VALUES (21, 'Pigeon. \'I can.', '1988-02-23 08:31:31', 68, 40);
INSERT INTO `comentarios` (`id`, `comentario`, `data_postagem`, `id_usuario`, `id_projeto`) VALUES (22, 'King, the Queen,.', '1994-05-12 10:43:10', 64, 42);
INSERT INTO `comentarios` (`id`, `comentario`, `data_postagem`, `id_usuario`, `id_projeto`) VALUES (23, 'The next thing was.', '1982-04-12 05:21:20', 59, 5);
INSERT INTO `comentarios` (`id`, `comentario`, `data_postagem`, `id_usuario`, `id_projeto`) VALUES (24, 'Queen, but she did.', '1982-03-30 12:47:35', 89, 22);
INSERT INTO `comentarios` (`id`, `comentario`, `data_postagem`, `id_usuario`, `id_projeto`) VALUES (25, 'I to get very.', '1989-01-07 21:27:08', 41, 78);
INSERT INTO `comentarios` (`id`, `comentario`, `data_postagem`, `id_usuario`, `id_projeto`) VALUES (26, 'I ever heard!\'.', '2016-08-06 09:36:54', 89, 47);
INSERT INTO `comentarios` (`id`, `comentario`, `data_postagem`, `id_usuario`, `id_projeto`) VALUES (27, 'I could, if I.', '1979-08-07 03:01:20', 44, 19);
INSERT INTO `comentarios` (`id`, `comentario`, `data_postagem`, `id_usuario`, `id_projeto`) VALUES (28, 'Gryphon, \'that.', '1998-06-09 20:41:20', 52, 78);
INSERT INTO `comentarios` (`id`, `comentario`, `data_postagem`, `id_usuario`, `id_projeto`) VALUES (29, 'A bright idea came.', '2021-09-16 10:50:36', 68, 31);
INSERT INTO `comentarios` (`id`, `comentario`, `data_postagem`, `id_usuario`, `id_projeto`) VALUES (30, 'Alice, so please.', '1994-05-31 03:26:06', 3, 60);
INSERT INTO `comentarios` (`id`, `comentario`, `data_postagem`, `id_usuario`, `id_projeto`) VALUES (31, 'Cheshire Cat,\'.', '1986-05-02 02:12:14', 92, 13);
INSERT INTO `comentarios` (`id`, `comentario`, `data_postagem`, `id_usuario`, `id_projeto`) VALUES (32, 'In a minute or.', '1983-02-17 11:06:59', 29, 78);
INSERT INTO `comentarios` (`id`, `comentario`, `data_postagem`, `id_usuario`, `id_projeto`) VALUES (33, 'Alice to herself..', '2022-06-13 07:45:45', 68, 65);
INSERT INTO `comentarios` (`id`, `comentario`, `data_postagem`, `id_usuario`, `id_projeto`) VALUES (34, 'Hatter. \'I deny.', '1973-07-14 06:42:09', 49, 96);
INSERT INTO `comentarios` (`id`, `comentario`, `data_postagem`, `id_usuario`, `id_projeto`) VALUES (35, 'Then the Queen to.', '2018-07-19 06:57:49', 42, 63);
INSERT INTO `comentarios` (`id`, `comentario`, `data_postagem`, `id_usuario`, `id_projeto`) VALUES (36, 'Alice didn\'t think.', '1991-11-26 22:51:30', 84, 10);
INSERT INTO `comentarios` (`id`, `comentario`, `data_postagem`, `id_usuario`, `id_projeto`) VALUES (37, 'LESS,\' said the.', '2021-01-06 13:35:35', 2, 48);
INSERT INTO `comentarios` (`id`, `comentario`, `data_postagem`, `id_usuario`, `id_projeto`) VALUES (38, 'NO mistake about.', '1982-06-08 12:57:57', 52, 60);
INSERT INTO `comentarios` (`id`, `comentario`, `data_postagem`, `id_usuario`, `id_projeto`) VALUES (39, 'RABBIT\' engraved.', '1993-11-07 22:59:08', 53, 40);
INSERT INTO `comentarios` (`id`, `comentario`, `data_postagem`, `id_usuario`, `id_projeto`) VALUES (40, 'March Hare.', '1991-09-14 17:37:53', 81, 93);
INSERT INTO `comentarios` (`id`, `comentario`, `data_postagem`, `id_usuario`, `id_projeto`) VALUES (41, 'I suppose I ought.', '1983-02-13 12:34:55', 18, 70);
INSERT INTO `comentarios` (`id`, `comentario`, `data_postagem`, `id_usuario`, `id_projeto`) VALUES (42, 'Duchess said after.', '1999-05-27 12:10:32', 39, 62);
INSERT INTO `comentarios` (`id`, `comentario`, `data_postagem`, `id_usuario`, `id_projeto`) VALUES (43, 'Rabbit whispered.', '1982-03-13 23:41:21', 88, 90);
INSERT INTO `comentarios` (`id`, `comentario`, `data_postagem`, `id_usuario`, `id_projeto`) VALUES (44, 'Dormouse crossed.', '2004-06-06 17:30:03', 39, 55);
INSERT INTO `comentarios` (`id`, `comentario`, `data_postagem`, `id_usuario`, `id_projeto`) VALUES (45, 'Alice, and.', '2020-04-17 09:06:30', 21, 42);
INSERT INTO `comentarios` (`id`, `comentario`, `data_postagem`, `id_usuario`, `id_projeto`) VALUES (46, 'Alice said.', '2016-06-18 14:02:48', 15, 13);
INSERT INTO `comentarios` (`id`, `comentario`, `data_postagem`, `id_usuario`, `id_projeto`) VALUES (47, 'That\'s all.\'.', '2017-07-03 14:20:26', 54, 43);
INSERT INTO `comentarios` (`id`, `comentario`, `data_postagem`, `id_usuario`, `id_projeto`) VALUES (48, 'There was.', '2012-02-19 17:06:00', 91, 22);
INSERT INTO `comentarios` (`id`, `comentario`, `data_postagem`, `id_usuario`, `id_projeto`) VALUES (49, 'The Footman seemed.', '1977-05-16 23:16:58', 8, 40);
INSERT INTO `comentarios` (`id`, `comentario`, `data_postagem`, `id_usuario`, `id_projeto`) VALUES (50, 'It doesn\'t look.', '1985-09-18 23:15:17', 17, 50);
INSERT INTO `comentarios` (`id`, `comentario`, `data_postagem`, `id_usuario`, `id_projeto`) VALUES (51, 'She was looking at.', '1997-06-10 10:24:48', 2, 1);
INSERT INTO `comentarios` (`id`, `comentario`, `data_postagem`, `id_usuario`, `id_projeto`) VALUES (52, 'That WILL be a.', '2014-11-10 08:48:59', 60, 3);
INSERT INTO `comentarios` (`id`, `comentario`, `data_postagem`, `id_usuario`, `id_projeto`) VALUES (53, 'Because he knows.', '1981-07-29 16:05:24', 48, 11);
INSERT INTO `comentarios` (`id`, `comentario`, `data_postagem`, `id_usuario`, `id_projeto`) VALUES (54, 'Caterpillar.', '1990-04-08 07:06:31', 63, 100);
INSERT INTO `comentarios` (`id`, `comentario`, `data_postagem`, `id_usuario`, `id_projeto`) VALUES (55, 'Cat said, waving.', '1993-07-05 14:27:07', 51, 44);
INSERT INTO `comentarios` (`id`, `comentario`, `data_postagem`, `id_usuario`, `id_projeto`) VALUES (56, 'I shall be.', '1970-08-08 18:02:23', 93, 68);
INSERT INTO `comentarios` (`id`, `comentario`, `data_postagem`, `id_usuario`, `id_projeto`) VALUES (57, 'Improve his.', '2007-03-07 08:22:29', 13, 31);
INSERT INTO `comentarios` (`id`, `comentario`, `data_postagem`, `id_usuario`, `id_projeto`) VALUES (58, 'Indeed, she had.', '1970-07-13 16:45:42', 29, 1);
INSERT INTO `comentarios` (`id`, `comentario`, `data_postagem`, `id_usuario`, `id_projeto`) VALUES (59, 'I\'m not the.', '2019-04-14 23:52:51', 21, 68);
INSERT INTO `comentarios` (`id`, `comentario`, `data_postagem`, `id_usuario`, `id_projeto`) VALUES (60, 'Alice, jumping up.', '1971-05-28 10:21:38', 55, 42);
INSERT INTO `comentarios` (`id`, `comentario`, `data_postagem`, `id_usuario`, `id_projeto`) VALUES (61, 'I think you\'d take.', '2007-05-24 08:27:39', 9, 70);
INSERT INTO `comentarios` (`id`, `comentario`, `data_postagem`, `id_usuario`, `id_projeto`) VALUES (62, 'March Hare took.', '1974-09-26 18:59:19', 55, 62);
INSERT INTO `comentarios` (`id`, `comentario`, `data_postagem`, `id_usuario`, `id_projeto`) VALUES (63, 'There seemed to.', '2006-10-19 00:28:30', 13, 45);
INSERT INTO `comentarios` (`id`, `comentario`, `data_postagem`, `id_usuario`, `id_projeto`) VALUES (64, 'Alice indignantly..', '2021-08-31 03:35:03', 83, 20);
INSERT INTO `comentarios` (`id`, `comentario`, `data_postagem`, `id_usuario`, `id_projeto`) VALUES (65, 'March Hare moved.', '1985-03-22 00:40:46', 84, 100);
INSERT INTO `comentarios` (`id`, `comentario`, `data_postagem`, `id_usuario`, `id_projeto`) VALUES (66, 'Caterpillar. Alice.', '1986-03-14 17:19:11', 70, 85);
INSERT INTO `comentarios` (`id`, `comentario`, `data_postagem`, `id_usuario`, `id_projeto`) VALUES (67, 'COULD NOT SWIM--\".', '2004-03-01 15:14:03', 1, 29);
INSERT INTO `comentarios` (`id`, `comentario`, `data_postagem`, `id_usuario`, `id_projeto`) VALUES (68, 'Bill\'s got to grow.', '1972-10-21 03:02:05', 88, 49);
INSERT INTO `comentarios` (`id`, `comentario`, `data_postagem`, `id_usuario`, `id_projeto`) VALUES (69, 'Alice, a little.', '1981-12-07 02:15:28', 39, 51);
INSERT INTO `comentarios` (`id`, `comentario`, `data_postagem`, `id_usuario`, `id_projeto`) VALUES (70, 'WOULD not remember.', '1971-04-13 23:11:49', 48, 89);
INSERT INTO `comentarios` (`id`, `comentario`, `data_postagem`, `id_usuario`, `id_projeto`) VALUES (71, 'She was close.', '2017-10-29 22:47:21', 94, 40);
INSERT INTO `comentarios` (`id`, `comentario`, `data_postagem`, `id_usuario`, `id_projeto`) VALUES (72, 'The chief.', '2001-03-02 22:34:43', 57, 6);
INSERT INTO `comentarios` (`id`, `comentario`, `data_postagem`, `id_usuario`, `id_projeto`) VALUES (73, 'Alice replied in a.', '1975-12-14 15:30:10', 71, 85);
INSERT INTO `comentarios` (`id`, `comentario`, `data_postagem`, `id_usuario`, `id_projeto`) VALUES (74, 'Take your choice!\'.', '1989-05-20 19:15:38', 6, 92);
INSERT INTO `comentarios` (`id`, `comentario`, `data_postagem`, `id_usuario`, `id_projeto`) VALUES (75, 'Alice replied,.', '2017-05-23 06:27:48', 53, 61);
INSERT INTO `comentarios` (`id`, `comentario`, `data_postagem`, `id_usuario`, `id_projeto`) VALUES (76, 'I don\'t put my arm.', '1978-06-01 04:39:08', 34, 61);
INSERT INTO `comentarios` (`id`, `comentario`, `data_postagem`, `id_usuario`, `id_projeto`) VALUES (77, 'Rabbit began..', '1976-02-14 10:13:13', 30, 88);
INSERT INTO `comentarios` (`id`, `comentario`, `data_postagem`, `id_usuario`, `id_projeto`) VALUES (78, 'It was all very.', '2016-01-19 23:50:12', 22, 43);
INSERT INTO `comentarios` (`id`, `comentario`, `data_postagem`, `id_usuario`, `id_projeto`) VALUES (79, 'Bill,\' thought.', '1984-11-16 13:09:28', 32, 5);
INSERT INTO `comentarios` (`id`, `comentario`, `data_postagem`, `id_usuario`, `id_projeto`) VALUES (80, 'I hadn\'t to bring.', '2012-01-16 06:10:33', 62, 16);
INSERT INTO `comentarios` (`id`, `comentario`, `data_postagem`, `id_usuario`, `id_projeto`) VALUES (81, 'Alice felt so.', '1973-04-04 12:22:20', 5, 32);
INSERT INTO `comentarios` (`id`, `comentario`, `data_postagem`, `id_usuario`, `id_projeto`) VALUES (82, 'I know!\' exclaimed.', '1973-05-29 10:12:56', 1, 5);
INSERT INTO `comentarios` (`id`, `comentario`, `data_postagem`, `id_usuario`, `id_projeto`) VALUES (83, 'Alice appeared,.', '2016-07-23 06:19:57', 60, 89);
INSERT INTO `comentarios` (`id`, `comentario`, `data_postagem`, `id_usuario`, `id_projeto`) VALUES (84, 'She was looking.', '2004-03-14 02:19:18', 53, 99);
INSERT INTO `comentarios` (`id`, `comentario`, `data_postagem`, `id_usuario`, `id_projeto`) VALUES (85, 'Now I growl when.', '2015-05-19 23:20:52', 39, 1);
INSERT INTO `comentarios` (`id`, `comentario`, `data_postagem`, `id_usuario`, `id_projeto`) VALUES (86, 'Alice: \'three.', '2006-01-26 00:16:54', 88, 32);
INSERT INTO `comentarios` (`id`, `comentario`, `data_postagem`, `id_usuario`, `id_projeto`) VALUES (87, 'PLEASE mind what.', '2015-04-05 14:27:55', 41, 45);
INSERT INTO `comentarios` (`id`, `comentario`, `data_postagem`, `id_usuario`, `id_projeto`) VALUES (88, 'Hatter. \'I told.', '1987-07-04 15:57:04', 38, 12);
INSERT INTO `comentarios` (`id`, `comentario`, `data_postagem`, `id_usuario`, `id_projeto`) VALUES (89, 'So she sat down.', '2015-03-12 09:28:21', 30, 44);
INSERT INTO `comentarios` (`id`, `comentario`, `data_postagem`, `id_usuario`, `id_projeto`) VALUES (90, 'I shall fall right.', '1980-07-21 17:17:06', 3, 82);
INSERT INTO `comentarios` (`id`, `comentario`, `data_postagem`, `id_usuario`, `id_projeto`) VALUES (91, 'As she said to.', '1990-10-31 19:08:54', 4, 37);
INSERT INTO `comentarios` (`id`, `comentario`, `data_postagem`, `id_usuario`, `id_projeto`) VALUES (92, 'On which Seven.', '1982-05-21 19:32:51', 42, 34);
INSERT INTO `comentarios` (`id`, `comentario`, `data_postagem`, `id_usuario`, `id_projeto`) VALUES (93, 'Alice was a little.', '1996-01-20 20:10:08', 24, 63);
INSERT INTO `comentarios` (`id`, `comentario`, `data_postagem`, `id_usuario`, `id_projeto`) VALUES (94, 'The poor little.', '1992-03-28 05:46:20', 76, 56);
INSERT INTO `comentarios` (`id`, `comentario`, `data_postagem`, `id_usuario`, `id_projeto`) VALUES (95, 'It was as much.', '1983-11-06 06:52:19', 68, 38);
INSERT INTO `comentarios` (`id`, `comentario`, `data_postagem`, `id_usuario`, `id_projeto`) VALUES (96, 'I\'m pleased, and.', '2020-02-14 15:43:16', 72, 72);
INSERT INTO `comentarios` (`id`, `comentario`, `data_postagem`, `id_usuario`, `id_projeto`) VALUES (97, 'Alice, surprised.', '2010-12-30 16:00:20', 70, 72);
INSERT INTO `comentarios` (`id`, `comentario`, `data_postagem`, `id_usuario`, `id_projeto`) VALUES (98, 'King said gravely,.', '1989-08-20 12:51:16', 77, 30);
INSERT INTO `comentarios` (`id`, `comentario`, `data_postagem`, `id_usuario`, `id_projeto`) VALUES (99, 'This did not much.', '1979-08-04 21:52:54', 60, 29);
INSERT INTO `comentarios` (`id`, `comentario`, `data_postagem`, `id_usuario`, `id_projeto`) VALUES (100, 'I wonder if I\'ve.', '2007-04-17 14:50:39', 29, 98);

#DML da tabela "likes_por_comentario":
INSERT INTO `likes_por_comentario` (`id_usuario`, `id_comentario`) VALUES (46, 84);
INSERT INTO `likes_por_comentario` (`id_usuario`, `id_comentario`) VALUES (82, 54);
INSERT INTO `likes_por_comentario` (`id_usuario`, `id_comentario`) VALUES (91, 59);
INSERT INTO `likes_por_comentario` (`id_usuario`, `id_comentario`) VALUES (40, 24);
INSERT INTO `likes_por_comentario` (`id_usuario`, `id_comentario`) VALUES (6, 14);
INSERT INTO `likes_por_comentario` (`id_usuario`, `id_comentario`) VALUES (41, 12);
INSERT INTO `likes_por_comentario` (`id_usuario`, `id_comentario`) VALUES (52, 34);
INSERT INTO `likes_por_comentario` (`id_usuario`, `id_comentario`) VALUES (42, 52);
INSERT INTO `likes_por_comentario` (`id_usuario`, `id_comentario`) VALUES (22, 45);
INSERT INTO `likes_por_comentario` (`id_usuario`, `id_comentario`) VALUES (64, 45);
INSERT INTO `likes_por_comentario` (`id_usuario`, `id_comentario`) VALUES (77, 86);
INSERT INTO `likes_por_comentario` (`id_usuario`, `id_comentario`) VALUES (39, 100);
INSERT INTO `likes_por_comentario` (`id_usuario`, `id_comentario`) VALUES (31, 35);
INSERT INTO `likes_por_comentario` (`id_usuario`, `id_comentario`) VALUES (79, 100);
INSERT INTO `likes_por_comentario` (`id_usuario`, `id_comentario`) VALUES (39, 100);
INSERT INTO `likes_por_comentario` (`id_usuario`, `id_comentario`) VALUES (46, 84);
INSERT INTO `likes_por_comentario` (`id_usuario`, `id_comentario`) VALUES (83, 27);
INSERT INTO `likes_por_comentario` (`id_usuario`, `id_comentario`) VALUES (37, 74);
INSERT INTO `likes_por_comentario` (`id_usuario`, `id_comentario`) VALUES (85, 77);
INSERT INTO `likes_por_comentario` (`id_usuario`, `id_comentario`) VALUES (97, 91);
INSERT INTO `likes_por_comentario` (`id_usuario`, `id_comentario`) VALUES (90, 38);
INSERT INTO `likes_por_comentario` (`id_usuario`, `id_comentario`) VALUES (3, 41);
INSERT INTO `likes_por_comentario` (`id_usuario`, `id_comentario`) VALUES (72, 44);
INSERT INTO `likes_por_comentario` (`id_usuario`, `id_comentario`) VALUES (93, 93);
INSERT INTO `likes_por_comentario` (`id_usuario`, `id_comentario`) VALUES (88, 56);
INSERT INTO `likes_por_comentario` (`id_usuario`, `id_comentario`) VALUES (38, 65);
INSERT INTO `likes_por_comentario` (`id_usuario`, `id_comentario`) VALUES (41, 77);
INSERT INTO `likes_por_comentario` (`id_usuario`, `id_comentario`) VALUES (64, 72);
INSERT INTO `likes_por_comentario` (`id_usuario`, `id_comentario`) VALUES (11, 43);
INSERT INTO `likes_por_comentario` (`id_usuario`, `id_comentario`) VALUES (71, 49);
INSERT INTO `likes_por_comentario` (`id_usuario`, `id_comentario`) VALUES (42, 17);
INSERT INTO `likes_por_comentario` (`id_usuario`, `id_comentario`) VALUES (33, 25);
INSERT INTO `likes_por_comentario` (`id_usuario`, `id_comentario`) VALUES (43, 70);
INSERT INTO `likes_por_comentario` (`id_usuario`, `id_comentario`) VALUES (98, 28);
INSERT INTO `likes_por_comentario` (`id_usuario`, `id_comentario`) VALUES (46, 95);
INSERT INTO `likes_por_comentario` (`id_usuario`, `id_comentario`) VALUES (18, 35);
INSERT INTO `likes_por_comentario` (`id_usuario`, `id_comentario`) VALUES (32, 20);
INSERT INTO `likes_por_comentario` (`id_usuario`, `id_comentario`) VALUES (76, 3);
INSERT INTO `likes_por_comentario` (`id_usuario`, `id_comentario`) VALUES (64, 68);
INSERT INTO `likes_por_comentario` (`id_usuario`, `id_comentario`) VALUES (96, 51);
INSERT INTO `likes_por_comentario` (`id_usuario`, `id_comentario`) VALUES (23, 33);
INSERT INTO `likes_por_comentario` (`id_usuario`, `id_comentario`) VALUES (16, 64);
INSERT INTO `likes_por_comentario` (`id_usuario`, `id_comentario`) VALUES (10, 80);
INSERT INTO `likes_por_comentario` (`id_usuario`, `id_comentario`) VALUES (35, 20);
INSERT INTO `likes_por_comentario` (`id_usuario`, `id_comentario`) VALUES (22, 6);
INSERT INTO `likes_por_comentario` (`id_usuario`, `id_comentario`) VALUES (69, 63);
INSERT INTO `likes_por_comentario` (`id_usuario`, `id_comentario`) VALUES (22, 1);
INSERT INTO `likes_por_comentario` (`id_usuario`, `id_comentario`) VALUES (87, 65);
INSERT INTO `likes_por_comentario` (`id_usuario`, `id_comentario`) VALUES (70, 85);
INSERT INTO `likes_por_comentario` (`id_usuario`, `id_comentario`) VALUES (92, 15);
INSERT INTO `likes_por_comentario` (`id_usuario`, `id_comentario`) VALUES (80, 10);
INSERT INTO `likes_por_comentario` (`id_usuario`, `id_comentario`) VALUES (50, 11);
INSERT INTO `likes_por_comentario` (`id_usuario`, `id_comentario`) VALUES (30, 26);
INSERT INTO `likes_por_comentario` (`id_usuario`, `id_comentario`) VALUES (14, 93);
INSERT INTO `likes_por_comentario` (`id_usuario`, `id_comentario`) VALUES (93, 9);
INSERT INTO `likes_por_comentario` (`id_usuario`, `id_comentario`) VALUES (43, 16);
INSERT INTO `likes_por_comentario` (`id_usuario`, `id_comentario`) VALUES (42, 59);
INSERT INTO `likes_por_comentario` (`id_usuario`, `id_comentario`) VALUES (80, 51);
INSERT INTO `likes_por_comentario` (`id_usuario`, `id_comentario`) VALUES (38, 15);
INSERT INTO `likes_por_comentario` (`id_usuario`, `id_comentario`) VALUES (71, 59);
INSERT INTO `likes_por_comentario` (`id_usuario`, `id_comentario`) VALUES (21, 39);
INSERT INTO `likes_por_comentario` (`id_usuario`, `id_comentario`) VALUES (21, 43);
INSERT INTO `likes_por_comentario` (`id_usuario`, `id_comentario`) VALUES (39, 8);
INSERT INTO `likes_por_comentario` (`id_usuario`, `id_comentario`) VALUES (7, 9);
INSERT INTO `likes_por_comentario` (`id_usuario`, `id_comentario`) VALUES (92, 99);
INSERT INTO `likes_por_comentario` (`id_usuario`, `id_comentario`) VALUES (24, 71);
INSERT INTO `likes_por_comentario` (`id_usuario`, `id_comentario`) VALUES (9, 74);
INSERT INTO `likes_por_comentario` (`id_usuario`, `id_comentario`) VALUES (82, 38);
INSERT INTO `likes_por_comentario` (`id_usuario`, `id_comentario`) VALUES (99, 96);
INSERT INTO `likes_por_comentario` (`id_usuario`, `id_comentario`) VALUES (30, 92);
INSERT INTO `likes_por_comentario` (`id_usuario`, `id_comentario`) VALUES (4, 73);
INSERT INTO `likes_por_comentario` (`id_usuario`, `id_comentario`) VALUES (7, 46);
INSERT INTO `likes_por_comentario` (`id_usuario`, `id_comentario`) VALUES (31, 87);
INSERT INTO `likes_por_comentario` (`id_usuario`, `id_comentario`) VALUES (97, 68);
INSERT INTO `likes_por_comentario` (`id_usuario`, `id_comentario`) VALUES (1, 67);
INSERT INTO `likes_por_comentario` (`id_usuario`, `id_comentario`) VALUES (27, 22);
INSERT INTO `likes_por_comentario` (`id_usuario`, `id_comentario`) VALUES (6, 48);
INSERT INTO `likes_por_comentario` (`id_usuario`, `id_comentario`) VALUES (64, 45);
INSERT INTO `likes_por_comentario` (`id_usuario`, `id_comentario`) VALUES (55, 71);
INSERT INTO `likes_por_comentario` (`id_usuario`, `id_comentario`) VALUES (54, 47);
INSERT INTO `likes_por_comentario` (`id_usuario`, `id_comentario`) VALUES (70, 77);
INSERT INTO `likes_por_comentario` (`id_usuario`, `id_comentario`) VALUES (18, 78);
INSERT INTO `likes_por_comentario` (`id_usuario`, `id_comentario`) VALUES (50, 99);
INSERT INTO `likes_por_comentario` (`id_usuario`, `id_comentario`) VALUES (15, 49);
INSERT INTO `likes_por_comentario` (`id_usuario`, `id_comentario`) VALUES (94, 45);
INSERT INTO `likes_por_comentario` (`id_usuario`, `id_comentario`) VALUES (40, 98);
INSERT INTO `likes_por_comentario` (`id_usuario`, `id_comentario`) VALUES (17, 47);
INSERT INTO `likes_por_comentario` (`id_usuario`, `id_comentario`) VALUES (44, 48);
INSERT INTO `likes_por_comentario` (`id_usuario`, `id_comentario`) VALUES (33, 41);
INSERT INTO `likes_por_comentario` (`id_usuario`, `id_comentario`) VALUES (16, 34);
INSERT INTO `likes_por_comentario` (`id_usuario`, `id_comentario`) VALUES (8, 42);
INSERT INTO `likes_por_comentario` (`id_usuario`, `id_comentario`) VALUES (55, 13);
INSERT INTO `likes_por_comentario` (`id_usuario`, `id_comentario`) VALUES (89, 18);
INSERT INTO `likes_por_comentario` (`id_usuario`, `id_comentario`) VALUES (57, 43);
INSERT INTO `likes_por_comentario` (`id_usuario`, `id_comentario`) VALUES (89, 10);
INSERT INTO `likes_por_comentario` (`id_usuario`, `id_comentario`) VALUES (90, 58);
INSERT INTO `likes_por_comentario` (`id_usuario`, `id_comentario`) VALUES (87, 7);
INSERT INTO `likes_por_comentario` (`id_usuario`, `id_comentario`) VALUES (36, 37);
INSERT INTO `likes_por_comentario` (`id_usuario`, `id_comentario`) VALUES (6, 50);
INSERT INTO `likes_por_comentario` (`id_usuario`, `id_comentario`) VALUES (85, 100);

#DML da tabela "likes_por_projeto":
INSERT INTO `likes_por_projeto` (`id_projeto`, `id_usuario`) VALUES (46, 21);
INSERT INTO `likes_por_projeto` (`id_projeto`, `id_usuario`) VALUES (1, 67);
INSERT INTO `likes_por_projeto` (`id_projeto`, `id_usuario`) VALUES (67, 3);
INSERT INTO `likes_por_projeto` (`id_projeto`, `id_usuario`) VALUES (27, 83);
INSERT INTO `likes_por_projeto` (`id_projeto`, `id_usuario`) VALUES (18, 15);
INSERT INTO `likes_por_projeto` (`id_projeto`, `id_usuario`) VALUES (72, 7);
INSERT INTO `likes_por_projeto` (`id_projeto`, `id_usuario`) VALUES (4, 34);
INSERT INTO `likes_por_projeto` (`id_projeto`, `id_usuario`) VALUES (77, 72);
INSERT INTO `likes_por_projeto` (`id_projeto`, `id_usuario`) VALUES (98, 78);
INSERT INTO `likes_por_projeto` (`id_projeto`, `id_usuario`) VALUES (8, 25);
INSERT INTO `likes_por_projeto` (`id_projeto`, `id_usuario`) VALUES (36, 22);
INSERT INTO `likes_por_projeto` (`id_projeto`, `id_usuario`) VALUES (76, 36);
INSERT INTO `likes_por_projeto` (`id_projeto`, `id_usuario`) VALUES (56, 53);
INSERT INTO `likes_por_projeto` (`id_projeto`, `id_usuario`) VALUES (90, 24);
INSERT INTO `likes_por_projeto` (`id_projeto`, `id_usuario`) VALUES (67, 92);
INSERT INTO `likes_por_projeto` (`id_projeto`, `id_usuario`) VALUES (28, 12);
INSERT INTO `likes_por_projeto` (`id_projeto`, `id_usuario`) VALUES (13, 29);
INSERT INTO `likes_por_projeto` (`id_projeto`, `id_usuario`) VALUES (79, 79);
INSERT INTO `likes_por_projeto` (`id_projeto`, `id_usuario`) VALUES (31, 5);
INSERT INTO `likes_por_projeto` (`id_projeto`, `id_usuario`) VALUES (62, 48);
INSERT INTO `likes_por_projeto` (`id_projeto`, `id_usuario`) VALUES (20, 33);
INSERT INTO `likes_por_projeto` (`id_projeto`, `id_usuario`) VALUES (54, 23);
INSERT INTO `likes_por_projeto` (`id_projeto`, `id_usuario`) VALUES (67, 31);
INSERT INTO `likes_por_projeto` (`id_projeto`, `id_usuario`) VALUES (94, 64);
INSERT INTO `likes_por_projeto` (`id_projeto`, `id_usuario`) VALUES (8, 1);
INSERT INTO `likes_por_projeto` (`id_projeto`, `id_usuario`) VALUES (88, 43);
INSERT INTO `likes_por_projeto` (`id_projeto`, `id_usuario`) VALUES (23, 64);
INSERT INTO `likes_por_projeto` (`id_projeto`, `id_usuario`) VALUES (79, 78);
INSERT INTO `likes_por_projeto` (`id_projeto`, `id_usuario`) VALUES (17, 69);
INSERT INTO `likes_por_projeto` (`id_projeto`, `id_usuario`) VALUES (1, 83);
INSERT INTO `likes_por_projeto` (`id_projeto`, `id_usuario`) VALUES (60, 28);
INSERT INTO `likes_por_projeto` (`id_projeto`, `id_usuario`) VALUES (95, 73);
INSERT INTO `likes_por_projeto` (`id_projeto`, `id_usuario`) VALUES (56, 73);
INSERT INTO `likes_por_projeto` (`id_projeto`, `id_usuario`) VALUES (51, 87);
INSERT INTO `likes_por_projeto` (`id_projeto`, `id_usuario`) VALUES (78, 13);
INSERT INTO `likes_por_projeto` (`id_projeto`, `id_usuario`) VALUES (34, 97);
INSERT INTO `likes_por_projeto` (`id_projeto`, `id_usuario`) VALUES (46, 88);
INSERT INTO `likes_por_projeto` (`id_projeto`, `id_usuario`) VALUES (20, 12);
INSERT INTO `likes_por_projeto` (`id_projeto`, `id_usuario`) VALUES (18, 13);
INSERT INTO `likes_por_projeto` (`id_projeto`, `id_usuario`) VALUES (75, 26);
INSERT INTO `likes_por_projeto` (`id_projeto`, `id_usuario`) VALUES (14, 63);
INSERT INTO `likes_por_projeto` (`id_projeto`, `id_usuario`) VALUES (69, 36);
INSERT INTO `likes_por_projeto` (`id_projeto`, `id_usuario`) VALUES (26, 47);
INSERT INTO `likes_por_projeto` (`id_projeto`, `id_usuario`) VALUES (14, 42);
INSERT INTO `likes_por_projeto` (`id_projeto`, `id_usuario`) VALUES (16, 15);
INSERT INTO `likes_por_projeto` (`id_projeto`, `id_usuario`) VALUES (24, 76);
INSERT INTO `likes_por_projeto` (`id_projeto`, `id_usuario`) VALUES (43, 19);
INSERT INTO `likes_por_projeto` (`id_projeto`, `id_usuario`) VALUES (48, 99);
INSERT INTO `likes_por_projeto` (`id_projeto`, `id_usuario`) VALUES (91, 99);
INSERT INTO `likes_por_projeto` (`id_projeto`, `id_usuario`) VALUES (85, 69);
INSERT INTO `likes_por_projeto` (`id_projeto`, `id_usuario`) VALUES (11, 18);
INSERT INTO `likes_por_projeto` (`id_projeto`, `id_usuario`) VALUES (66, 56);
INSERT INTO `likes_por_projeto` (`id_projeto`, `id_usuario`) VALUES (5, 85);
INSERT INTO `likes_por_projeto` (`id_projeto`, `id_usuario`) VALUES (67, 22);
INSERT INTO `likes_por_projeto` (`id_projeto`, `id_usuario`) VALUES (98, 42);
INSERT INTO `likes_por_projeto` (`id_projeto`, `id_usuario`) VALUES (48, 12);
INSERT INTO `likes_por_projeto` (`id_projeto`, `id_usuario`) VALUES (4, 16);
INSERT INTO `likes_por_projeto` (`id_projeto`, `id_usuario`) VALUES (48, 29);
INSERT INTO `likes_por_projeto` (`id_projeto`, `id_usuario`) VALUES (62, 61);
INSERT INTO `likes_por_projeto` (`id_projeto`, `id_usuario`) VALUES (71, 77);
INSERT INTO `likes_por_projeto` (`id_projeto`, `id_usuario`) VALUES (75, 95);
INSERT INTO `likes_por_projeto` (`id_projeto`, `id_usuario`) VALUES (52, 18);
INSERT INTO `likes_por_projeto` (`id_projeto`, `id_usuario`) VALUES (13, 100);
INSERT INTO `likes_por_projeto` (`id_projeto`, `id_usuario`) VALUES (16, 4);
INSERT INTO `likes_por_projeto` (`id_projeto`, `id_usuario`) VALUES (98, 100);
INSERT INTO `likes_por_projeto` (`id_projeto`, `id_usuario`) VALUES (72, 9);
INSERT INTO `likes_por_projeto` (`id_projeto`, `id_usuario`) VALUES (17, 37);
INSERT INTO `likes_por_projeto` (`id_projeto`, `id_usuario`) VALUES (64, 22);
INSERT INTO `likes_por_projeto` (`id_projeto`, `id_usuario`) VALUES (22, 31);
INSERT INTO `likes_por_projeto` (`id_projeto`, `id_usuario`) VALUES (44, 19);
INSERT INTO `likes_por_projeto` (`id_projeto`, `id_usuario`) VALUES (73, 91);
INSERT INTO `likes_por_projeto` (`id_projeto`, `id_usuario`) VALUES (31, 76);
INSERT INTO `likes_por_projeto` (`id_projeto`, `id_usuario`) VALUES (6, 78);
INSERT INTO `likes_por_projeto` (`id_projeto`, `id_usuario`) VALUES (5, 68);
INSERT INTO `likes_por_projeto` (`id_projeto`, `id_usuario`) VALUES (39, 75);
INSERT INTO `likes_por_projeto` (`id_projeto`, `id_usuario`) VALUES (45, 14);
INSERT INTO `likes_por_projeto` (`id_projeto`, `id_usuario`) VALUES (70, 97);
INSERT INTO `likes_por_projeto` (`id_projeto`, `id_usuario`) VALUES (31, 82);
INSERT INTO `likes_por_projeto` (`id_projeto`, `id_usuario`) VALUES (96, 46);
INSERT INTO `likes_por_projeto` (`id_projeto`, `id_usuario`) VALUES (86, 94);
INSERT INTO `likes_por_projeto` (`id_projeto`, `id_usuario`) VALUES (45, 57);
INSERT INTO `likes_por_projeto` (`id_projeto`, `id_usuario`) VALUES (2, 62);
INSERT INTO `likes_por_projeto` (`id_projeto`, `id_usuario`) VALUES (94, 66);
INSERT INTO `likes_por_projeto` (`id_projeto`, `id_usuario`) VALUES (83, 15);
INSERT INTO `likes_por_projeto` (`id_projeto`, `id_usuario`) VALUES (97, 26);
INSERT INTO `likes_por_projeto` (`id_projeto`, `id_usuario`) VALUES (34, 69);
INSERT INTO `likes_por_projeto` (`id_projeto`, `id_usuario`) VALUES (16, 65);
INSERT INTO `likes_por_projeto` (`id_projeto`, `id_usuario`) VALUES (44, 22);
INSERT INTO `likes_por_projeto` (`id_projeto`, `id_usuario`) VALUES (43, 48);
INSERT INTO `likes_por_projeto` (`id_projeto`, `id_usuario`) VALUES (89, 81);
INSERT INTO `likes_por_projeto` (`id_projeto`, `id_usuario`) VALUES (23, 33);
INSERT INTO `likes_por_projeto` (`id_projeto`, `id_usuario`) VALUES (95, 92);
INSERT INTO `likes_por_projeto` (`id_projeto`, `id_usuario`) VALUES (29, 26);
INSERT INTO `likes_por_projeto` (`id_projeto`, `id_usuario`) VALUES (74, 25);
INSERT INTO `likes_por_projeto` (`id_projeto`, `id_usuario`) VALUES (72, 59);
INSERT INTO `likes_por_projeto` (`id_projeto`, `id_usuario`) VALUES (18, 17);
INSERT INTO `likes_por_projeto` (`id_projeto`, `id_usuario`) VALUES (16, 19);
INSERT INTO `likes_por_projeto` (`id_projeto`, `id_usuario`) VALUES (78, 9);
INSERT INTO `likes_por_projeto` (`id_projeto`, `id_usuario`) VALUES (84, 61);
INSERT INTO `likes_por_projeto` (`id_projeto`, `id_usuario`) VALUES (24, 81);
